name;email;birth_date;location
Jessica;Jessica@jones.com;12/12/2021;New york
Jessica;Jessica@jones.com;13/12/2021;New york
Jessica;Jessica@jones.com;14/12/2021;New york
Jessica;Jessica@jones.com;15/12/2021;New york
Jessica;Jessica@jones.com;16/12/2021;New york
Jessica;Jessica@jones.com;17/12/2021;New york
Jessica;Jessica@jones.com;18/12/2021;New york
Jessica;Jessica@jones.com;19/12/2021;New york
Jessica;Jessica@jones.com;20/12/2021;New york
Jessica;Jessica@jones.com;21/12/2021;New york
Jessica;Jessica@jones.com;22/12/2021;New york
Jessica;Jessica@jones.com;23/12/2021;New york
Jessica;Jessica@jones.com;24/12/2021;New york
Jessica;Jessica@jones.com;25/12/2021;New york
Jessica;Jessica@jones.com;26/12/2021;New york
Jessica;Jessica@jones.com;27/12/2021;New york
Jessica;Jessica@jones.com;28/12/2021;New york
Jessica;Jessica@jones.com;29/12/2021;New york
Jessica;Jessica@jones.com;30/12/2021;New york
Jessica;Jessica@jones.com;31/12/2021;New york
Jessica;Jessica@jones.com;01/01/2022;New york
Jessica;Jessica@jones.com;02/01/2022;New york
Jessica;Jessica@jones.com;03/01/2022;New york
Jessica;Jessica@jones.com;04/01/2022;New york
